experiment_id,experiment_name,num_images,avg_PSNR,std_PSNR,avg_SSIM,std_SSIM,avg_Entropy,std_Entropy
8,08_Weighted_Fusion,74,20.484616012126878,2.5280952539255845,0.7107952384988908,0.1621620211666076,6.981379928501813,1.0441395894558694
