experiment_id,experiment_name,num_images,avg_PSNR,std_PSNR,avg_SSIM,std_SSIM,avg_Entropy,std_Entropy
7,07_CLAHE_Zero-DCE_Gamma,74,7.1209080816335835,2.0058073546429673,0.44323924226821104,0.2345281403251118,6.664802741776626,0.5197769857356881
