experiment_id,experiment_name,num_images,avg_PSNR,std_PSNR,avg_SSIM,std_SSIM,avg_Entropy,std_Entropy
1,01_CLAHE,74,18.5502893272222,2.4945479460392144,0.638144693361296,0.15007531745545238,7.053496205150099,1.0625689976285988
2,02_Gamma,74,14.284536079373154,1.727657330440198,0.60006147272297,0.20214233880971144,6.730000845457642,0.9239301156121011
3,03_Zero-DCE,74,14.456943774178697,2.153971204090797,0.6112891709074304,0.19089187172524147,6.87921998131075,0.8863266115364912
4,04_CLAHE_Zero-DCE,74,11.197465246051815,2.4523135753445295,0.4572592019610017,0.2294221278419958,7.248443311301445,0.5304800804277078
5,05_Gamma_Zero-DCE,74,8.858400303960776,1.5330614363583441,0.46926156507411215,0.22506731190605336,6.638115251179258,0.619687576857753
6,06_Zero-DCE_Gamma,74,8.552320339283696,1.6948746709383598,0.4488692576139924,0.216407726051664,6.5242530638820515,0.8120763933899603
7,07_CLAHE_Zero-DCE_Gamma,74,6.841829046624989,2.1549518848313483,0.4320352608970478,0.2307162888208475,6.7083158597634105,0.44972671046486595
8,08_Weighted_Fusion,74,18.63803257397291,2.566453726365075,0.6461673148898025,0.17253881304766222,7.077958144173953,0.987750742309669
